name,album,release_date,acousticness,danceability,energy,instrumentalness,liveness,loudness,speechiness,tempo,valence,popularity,duration_ms
Welcome To New York (Taylor's Version),1989 (Taylor's Version) [Deluxe],10/27/2023,0.00942,0.757,0.61,3.66E-05,0.367,-4.84,0.0327,116.998,0.685,79,212600
Blank Space (Taylor's Version),1989 (Taylor's Version) [Deluxe],10/27/2023,0.0885,0.733,0.733,0,0.168,-5.376,0.067,96.057,0.701,79,231833
Style (Taylor's Version),1989 (Taylor's Version) [Deluxe],10/27/2023,0.000421,0.511,0.822,0.0197,0.0899,-4.785,0.0397,94.868,0.305,80,231000
Out Of The Woods (Taylor's Version),1989 (Taylor's Version) [Deluxe],10/27/2023,0.000537,0.545,0.885,5.59E-05,0.385,-5.968,0.0447,92.021,0.206,79,235800
All You Had To Do Was Stay (Taylor's Version),1989 (Taylor's Version) [Deluxe],10/27/2023,0.000656,0.588,0.721,0,0.131,-5.579,0.0317,96.997,0.52,78,193289
Shake It Off (Taylor's Version),1989 (Taylor's Version) [Deluxe],10/27/2023,0.0121,0.636,0.808,2.18E-05,0.359,-5.693,0.0729,160.058,0.917,77,219209
I Wish You Would (Taylor's Version),1989 (Taylor's Version) [Deluxe],10/27/2023,0.00354,0.67,0.858,1.25E-05,0.0687,-6.528,0.0439,118.009,0.539,77,207650
Bad Blood (Taylor's Version),1989 (Taylor's Version) [Deluxe],10/27/2023,0.0362,0.618,0.683,0,0.305,-6.438,0.194,169.971,0.363,77,211103
Wildest Dreams (Taylor's Version),1989 (Taylor's Version) [Deluxe],10/27/2023,0.0436,0.589,0.674,7.18E-05,0.112,-7.48,0.0656,139.985,0.514,77,220433
How You Get The Girl (Taylor's Version),1989 (Taylor's Version) [Deluxe],10/27/2023,0.00196,0.758,0.691,1.09E-05,0.0939,-5.798,0.0515,119.997,0.538,77,247533
This Love (Taylor’s Version),1989 (Taylor's Version) [Deluxe],10/27/2023,0.316,0.471,0.509,0,0.0673,-8.796,0.0355,144.071,0.0567,76,250100
I Know Places (Taylor's Version),1989 (Taylor's Version) [Deluxe],10/27/2023,0.0999,0.582,0.788,0,0.115,-5.358,0.0445,160.027,0.652,77,195700
Clean (Taylor's Version),1989 (Taylor's Version) [Deluxe],10/27/2023,0.25,0.772,0.391,2.92E-05,0.0981,-8.892,0.0293,103.955,0.258,77,271000
Wonderland (Taylor's Version),1989 (Taylor's Version) [Deluxe],10/27/2023,0.00976,0.464,0.705,2.61E-05,0.209,-5.97,0.0434,183.892,0.385,77,245566
You Are In Love (Taylor's Version),1989 (Taylor's Version) [Deluxe],10/27/2023,0.61,0.363,0.498,3.91E-06,0.112,-9.473,0.0755,84.68,0.477,77,267389
New Romantics (Taylor's Version),1989 (Taylor's Version) [Deluxe],10/27/2023,0.00675,0.649,0.846,4.63E-06,0.0824,-5.958,0.0602,121.978,0.698,78,230177
"""Slut!"" (Taylor's Version) (From The Vault)",1989 (Taylor's Version) [Deluxe],10/27/2023,0.309,0.591,0.412,0.000199,0.0608,-13.27,0.0863,155.875,0.328,82,180381
Say Don't Go (Taylor's Version) (From The Vault),1989 (Taylor's Version) [Deluxe],10/27/2023,0.066,0.633,0.551,9.94E-06,0.127,-8.297,0.0341,109.95,0.164,82,279833
Now That We Don't Talk (Taylor's Version) (From The Vault),1989 (Taylor's Version) [Deluxe],10/27/2023,0.16,0.8,0.501,7.14E-05,0.0874,-9.332,0.034,110.013,0.0831,84,146436
Suburban Legends (Taylor's Version) (From The Vault),1989 (Taylor's Version) [Deluxe],10/27/2023,0.207,0.701,0.625,0,0.105,-8.804,0.036,118.036,0.323,80,171818
Is It Over Now? (Taylor's Version) (From The Vault),1989 (Taylor's Version) [Deluxe],10/27/2023,0.041,0.595,0.656,0,0.122,-7.343,0.037,99.994,0.191,85,229477
Bad Blood (feat. Kendrick Lamar) (Taylor's Version),1989 (Taylor's Version) [Deluxe],10/27/2023,0.0104,0.602,0.648,0,0.217,-6.905,0.103,170.091,0.174,83,199773
Welcome To New York (Taylor's Version),1989 (Taylor's Version),10/26/2023,0.00961,0.761,0.607,2.24E-05,0.367,-4.83,0.0312,116.98,0.674,85,212600
Blank Space (Taylor's Version),1989 (Taylor's Version),10/26/2023,0.0976,0.737,0.725,0,0.174,-5.417,0.0641,96.012,0.755,88,231833
Style (Taylor's Version),1989 (Taylor's Version),10/26/2023,0.000418,0.575,0.824,0.0214,0.0901,-4.823,0.038,94.971,0.292,89,231000
Out Of The Woods (Taylor's Version),1989 (Taylor's Version),10/26/2023,0.000512,0.547,0.885,9.37E-05,0.39,-5.961,0.0418,91.992,0.192,86,235800
All You Had To Do Was Stay (Taylor's Version),1989 (Taylor's Version),10/26/2023,0.000718,0.586,0.72,0,0.0949,-5.556,0.035,97.057,0.481,83,193289
Shake It Off (Taylor's Version),1989 (Taylor's Version),10/26/2023,0.0103,0.632,0.807,1.27E-05,0.29,-5.676,0.0738,160.055,0.921,84,219209
I Wish You Would (Taylor's Version),1989 (Taylor's Version),10/26/2023,0.00357,0.669,0.851,1.04E-05,0.0676,-6.526,0.0432,118.026,0.541,82,207650
Bad Blood (Taylor's Version),1989 (Taylor's Version),10/26/2023,0.0385,0.619,0.686,0,0.307,-6.369,0.164,169.943,0.364,82,211103
Wildest Dreams (Taylor's Version),1989 (Taylor's Version),10/26/2023,0.0411,0.581,0.672,9.35E-05,0.118,-7.415,0.0739,140.061,0.514,85,220433
How You Get The Girl (Taylor's Version),1989 (Taylor's Version),10/26/2023,0.00209,0.754,0.682,9.88E-06,0.0941,-5.789,0.0565,120.027,0.547,81,247533
This Love (Taylor’s Version),1989 (Taylor's Version),10/26/2023,0.299,0.474,0.511,0,0.0673,-8.766,0.0339,144.022,0.0586,81,250100
I Know Places (Taylor's Version),1989 (Taylor's Version),10/26/2023,0.087,0.575,0.803,0,0.0971,-5.393,0.0465,160.039,0.68,81,195700
Clean (Taylor's Version),1989 (Taylor's Version),10/26/2023,0.276,0.771,0.386,2.01E-05,0.121,-8.917,0.0297,103.96,0.239,83,271000
Wonderland (Taylor's Version),1989 (Taylor's Version),10/26/2023,0.00933,0.462,0.708,1.88E-05,0.198,-5.971,0.0555,183.811,0.337,81,245566
You Are In Love (Taylor's Version),1989 (Taylor's Version),10/26/2023,0.609,0.537,0.495,2.49E-06,0.112,-9.416,0.0573,84.948,0.492,81,267389
New Romantics (Taylor's Version),1989 (Taylor's Version),10/26/2023,0.0068,0.651,0.855,9.81E-06,0.0759,-5.959,0.0538,121.98,0.698,85,230177
"""Slut!"" (Taylor's Version) (From The Vault)",1989 (Taylor's Version),10/26/2023,0.345,0.629,0.413,7.62E-05,0.0603,-13.178,0.055,77.983,0.306,90,180381
Say Don't Go (Taylor's Version) (From The Vault),1989 (Taylor's Version),10/26/2023,0.0656,0.626,0.547,1.67E-05,0.149,-8.285,0.0342,109.946,0.192,89,279833
Now That We Don't Talk (Taylor's Version) (From The Vault),1989 (Taylor's Version),10/26/2023,0.186,0.793,0.512,3.81E-05,0.0889,-9.319,0.0338,109.994,0.0662,91,146436
Suburban Legends (Taylor's Version) (From The Vault),1989 (Taylor's Version),10/26/2023,0.198,0.699,0.621,0,0.104,-8.739,0.0369,118.048,0.344,85,171818
Is It Over Now? (Taylor's Version) (From The Vault),1989 (Taylor's Version),10/26/2023,0.0504,0.596,0.658,0,0.127,-7.346,0.036,100.012,0.176,94,229477
Mine (Taylor's Version),Speak Now (Taylor's Version),7/7/2023,0.00444,0.646,0.783,1.38E-06,0.171,-2.846,0.0356,121.08,0.49,82,231706
Sparks Fly (Taylor’s Version),Speak Now (Taylor's Version),7/7/2023,0.0251,0.588,0.758,0,0.131,-2.347,0.0305,114.991,0.387,79,261230
Back To December (Taylor's Version),Speak Now (Taylor's Version),7/7/2023,0.00621,0.497,0.635,0,0.117,-3.927,0.0273,142.063,0.203,83,294189
Speak Now (Taylor's Version),Speak Now (Taylor's Version),7/7/2023,0.248,0.727,0.677,0,0.143,-2.871,0.0325,118.995,0.639,78,242473
Dear John (Taylor's Version),Speak Now (Taylor's Version),7/7/2023,0.0236,0.419,0.47,0,0.163,-5.016,0.0296,119.294,0.133,78,405906
Mean (Taylor's Version),Speak Now (Taylor's Version),7/7/2023,0.311,0.524,0.692,0,0.192,-3.866,0.0369,163.874,0.621,78,238693
The Story Of Us (Taylor's Version),Speak Now (Taylor's Version),7/7/2023,0.00192,0.515,0.781,0,0.054,-2.608,0.0535,139.846,0.57,77,267653
Never Grow Up (Taylor's Version),Speak Now (Taylor's Version),7/7/2023,0.851,0.685,0.323,0,0.198,-7.103,0.0289,125.058,0.569,73,292920
Enchanted (Taylor's Version),Speak Now (Taylor's Version),7/7/2023,0.012,0.505,0.532,0,0.149,-3.526,0.0265,81.907,0.216,87,353253
Better Than Revenge (Taylor's Version),Speak Now (Taylor's Version),7/7/2023,0.000886,0.496,0.885,0,0.191,-2.969,0.0803,145.863,0.665,80,220306
Innocent (Taylor's Version),Speak Now (Taylor's Version),7/7/2023,0.101,0.522,0.598,0,0.152,-5.327,0.0284,133.627,0.149,71,301221
Haunted (Taylor's Version),Speak Now (Taylor's Version),7/7/2023,0.00667,0.427,0.915,0,0.221,-1.909,0.0619,162.201,0.355,76,245413
Last Kiss (Taylor's Version),Speak Now (Taylor's Version),7/7/2023,0.447,0.55,0.366,4.43E-06,0.101,-8.46,0.0276,79.401,0.16,76,369120
Long Live (Taylor's Version),Speak Now (Taylor's Version),7/7/2023,0.0122,0.375,0.65,0,0.189,-4.031,0.0402,203.89,0.0752,80,317960
Ours (Taylor’s Version),Speak Now (Taylor's Version),7/7/2023,0.449,0.535,0.488,0,0.111,-8.261,0.0278,159.813,0.348,73,235803
Superman (Taylor’s Version),Speak Now (Taylor's Version),7/7/2023,0.0031,0.533,0.742,0,0.108,-3.473,0.0303,131.93,0.356,70,274945
Electric Touch (feat. Fall Out Boy) (Taylor’s Version) (From The Vault),Speak Now (Taylor's Version),7/7/2023,0.0164,0.547,0.855,0,0.144,-4.7,0.0597,131.073,0.282,76,266466
When Emma Falls in Love (Taylor’s Version) (From The Vault),Speak Now (Taylor's Version),7/7/2023,0.159,0.474,0.763,0,0.138,-4.632,0.0505,78.133,0.231,75,252385
I Can See You (Taylor’s Version) (From The Vault),Speak Now (Taylor's Version),7/7/2023,0.0586,0.694,0.764,0,0.0608,-4.893,0.0337,123.044,0.819,84,273186
Castles Crumbling (feat. Hayley Williams) (Taylor’s Version) (From The Vault),Speak Now (Taylor's Version),7/7/2023,0.362,0.576,0.57,0,0.0668,-7.925,0.0434,147.803,0.378,76,306062
Foolish One (Taylor’s Version) (From The Vault),Speak Now (Taylor's Version),7/7/2023,0.617,0.671,0.588,0,0.111,-4.675,0.0299,96.965,0.543,77,311765
Timeless (Taylor’s Version) (From The Vault),Speak Now (Taylor's Version),7/7/2023,0.3,0.624,0.585,0,0.0916,-5.847,0.0328,142.883,0.65,76,321396
Lavender Haze,Midnights (The Til Dawn Edition),5/26/2023,0.236,0.735,0.454,0.00113,0.133,-10.516,0.0876,97.043,0.0751,70,202395
Maroon,Midnights (The Til Dawn Edition),5/26/2023,0.0609,0.65,0.397,1.40E-06,0.089,-8.237,0.0365,108.055,0.0382,70,218270
Anti-Hero,Midnights (The Til Dawn Edition),5/26/2023,0.115,0.637,0.649,1.22E-06,0.147,-6.59,0.0584,96.935,0.497,69,200690
Snow On The Beach (feat. Lana Del Rey),Midnights (The Til Dawn Edition),5/26/2023,0.705,0.653,0.331,0.0013,0.116,-13.534,0.039,110.014,0.166,67,256124
"You're On Your Own, Kid",Midnights (The Til Dawn Edition),5/26/2023,0.423,0.694,0.386,1.05E-05,0.126,-10.312,0.0597,120.044,0.39,70,194206
Midnight Rain,Midnights (The Til Dawn Edition),5/26/2023,0.705,0.654,0.372,6.78E-05,0.114,-11.704,0.0667,140.15,0.198,70,174782
Question...?,Midnights (The Til Dawn Edition),5/26/2023,0.205,0.741,0.509,0,0.262,-8.747,0.19,108.978,0.113,68,210556
Vigilante Shit,Midnights (The Til Dawn Edition),5/26/2023,0.157,0.867,0.272,3.42E-05,0.118,-11.014,0.363,79.962,0.157,69,164801
Bejeweled,Midnights (The Til Dawn Edition),5/26/2023,0.0648,0.695,0.546,0.000128,0.0883,-9.184,0.066,164,0.425,69,194165
Labyrinth,Midnights (The Til Dawn Edition),5/26/2023,0.804,0.493,0.308,0.328,0.123,-15.489,0.0436,109.993,0.13,68,247962
Karma,Midnights (The Til Dawn Edition),5/26/2023,0.0782,0.647,0.614,0,0.611,-7.091,0.0651,90.034,0.0956,69,204852
Sweet Nothing,Midnights (The Til Dawn Edition),5/26/2023,0.967,0.335,0.166,0.00012,0.115,-14.958,0.048,175.917,0.391,67,188496
Mastermind,Midnights (The Til Dawn Edition),5/26/2023,0.545,0.661,0.345,0.000915,0.0871,-14.037,0.144,125.977,0.126,68,191039
The Great War,Midnights (The Til Dawn Edition),5/26/2023,0.203,0.573,0.737,2.78E-05,0.0851,-9.002,0.0352,96.009,0.592,68,240355
Bigger Than The Whole Sky,Midnights (The Til Dawn Edition),5/26/2023,0.837,0.48,0.22,0.00269,0.116,-12.469,0.0425,82.951,0.0633,67,218502
Paris,Midnights (The Til Dawn Edition),5/26/2023,0.116,0.691,0.498,3.07E-05,0.136,-10.519,0.101,110.963,0.454,66,196258
High Infidelity,Midnights (The Til Dawn Edition),5/26/2023,0.726,0.564,0.545,0,0.0878,-10.17,0.104,176.082,0.766,66,231475
Glitch,Midnights (The Til Dawn Edition),5/26/2023,0.318,0.677,0.451,0,0.11,-9.744,0.19,140.845,0.399,65,148781
"Would've, Could've, Should've",Midnights (The Til Dawn Edition),5/26/2023,0.435,0.482,0.837,0.00147,0.123,-6.501,0.12,157.96,0.534,68,260361
Dear Reader,Midnights (The Til Dawn Edition),5/26/2023,0.497,0.475,0.386,0.00104,0.119,-12.038,0.0737,107.601,0.162,65,225194
Hits Different,Midnights (The Til Dawn Edition),5/26/2023,0.148,0.672,0.782,4.73E-06,0.296,-6.499,0.0421,106.026,0.239,81,234466
Snow On The Beach (feat. More Lana Del Rey),Midnights (The Til Dawn Edition),5/26/2023,0.806,0.664,0.401,3.50E-06,0.108,-10.934,0.0344,109.846,0.315,81,229942
Karma (feat. Ice Spice),Midnights (The Til Dawn Edition),5/26/2023,0.0623,0.615,0.616,0,0.579,-6.523,0.0622,89.977,0.0734,74,201493
Lavender Haze,Midnights (3am Edition),10/22/2022,0.204,0.735,0.444,0.0012,0.17,-10.519,0.0684,97.038,0.0984,70,202395
Maroon,Midnights (3am Edition),10/22/2022,0.0593,0.658,0.378,0,0.0976,-8.3,0.0379,108.034,0.0382,70,218270
Anti-Hero,Midnights (3am Edition),10/22/2022,0.133,0.638,0.634,1.23E-06,0.152,-6.582,0.0457,96.953,0.519,71,200690
Snow On The Beach (feat. Lana Del Rey),Midnights (3am Edition),10/22/2022,0.735,0.659,0.323,0.00321,0.116,-13.425,0.0436,110.007,0.154,69,256124
"You're On Your Own, Kid",Midnights (3am Edition),10/22/2022,0.416,0.694,0.38,8.47E-06,0.126,-10.307,0.0614,120.044,0.376,71,194206
Midnight Rain,Midnights (3am Edition),10/22/2022,0.71,0.636,0.377,6.51E-05,0.115,-11.721,0.0708,139.966,0.23,70,174782
Question...?,Midnights (3am Edition),10/22/2022,0.226,0.751,0.502,0,0.297,-8.777,0.162,108.989,0.112,67,210556
Vigilante Shit,Midnights (3am Edition),10/22/2022,0.16,0.87,0.279,1.74E-05,0.121,-11.134,0.364,79.996,0.16,69,164801
Bejeweled,Midnights (3am Edition),10/22/2022,0.0661,0.7,0.55,0.000102,0.091,-9.13,0.0653,164.003,0.412,70,194165
Labyrinth,Midnights (3am Edition),10/22/2022,0.791,0.487,0.313,0.348,0.124,-15.434,0.0487,110.039,0.141,68,247962
Karma,Midnights (3am Edition),10/22/2022,0.074,0.649,0.622,0,0.594,-7.054,0.0582,90.024,0.106,75,204852
Sweet Nothing,Midnights (3am Edition),10/22/2022,0.967,0.334,0.161,4.71E-05,0.115,-14.875,0.0506,176.747,0.396,68,188496
Mastermind,Midnights (3am Edition),10/22/2022,0.571,0.661,0.352,0.00147,0.0884,-14.077,0.117,125.934,0.13,74,191039
The Great War,Midnights (3am Edition),10/22/2022,0.219,0.573,0.741,2.23E-05,0.0842,-8.987,0.0353,96.016,0.554,76,240355
Bigger Than The Whole Sky,Midnights (3am Edition),10/22/2022,0.826,0.422,0.235,0.00648,0.115,-12.379,0.0568,165.71,0.068,74,218502
Paris,Midnights (3am Edition),10/22/2022,0.112,0.7,0.509,3.27E-05,0.137,-10.547,0.0789,110.947,0.345,72,196258
High Infidelity,Midnights (3am Edition),10/22/2022,0.723,0.646,0.529,0,0.0885,-10.179,0.0864,87.862,0.755,72,231475
Glitch,Midnights (3am Edition),10/22/2022,0.361,0.675,0.466,0,0.11,-9.738,0.201,140.864,0.347,70,148781
"Would've, Could've, Should've",Midnights (3am Edition),10/22/2022,0.43,0.483,0.84,0.000575,0.146,-6.508,0.119,157.979,0.55,75,260361
Dear Reader,Midnights (3am Edition),10/22/2022,0.481,0.562,0.388,0.00145,0.117,-12.088,0.0705,107.747,0.159,71,225194
Lavender Haze,Midnights,10/21/2022,0.258,0.733,0.436,0.000573,0.157,-10.489,0.08,96.985,0.0976,85,202395
Maroon,Midnights,10/21/2022,0.0573,0.637,0.398,1.03E-06,0.101,-8.294,0.0564,108.075,0.0374,80,218270
Anti-Hero,Midnights,10/21/2022,0.13,0.637,0.643,1.80E-06,0.142,-6.571,0.0519,97.008,0.533,92,200690
Snow On The Beach (feat. Lana Del Rey),Midnights,10/21/2022,0.69,0.663,0.319,0.000993,0.117,-13.481,0.0375,109.957,0.193,78,256124
"You're On Your Own, Kid",Midnights,10/21/2022,0.401,0.696,0.396,5.20E-06,0.125,-10.289,0.0656,120.041,0.38,85,194206
Midnight Rain,Midnights,10/21/2022,0.69,0.643,0.363,5.17E-05,0.115,-11.738,0.0767,139.865,0.23,85,174782
Question...?,Midnights,10/21/2022,0.2,0.751,0.502,0,0.296,-8.763,0.167,108.943,0.106,75,210556
Vigilante Shit,Midnights,10/21/2022,0.173,0.798,0.277,5.25E-05,0.121,-11.096,0.39,79.846,0.163,81,164801
Bejeweled,Midnights,10/21/2022,0.0618,0.696,0.559,5.58E-05,0.0887,-9.19,0.0693,163.999,0.433,84,194165
Labyrinth,Midnights,10/21/2022,0.785,0.406,0.306,0.488,0.122,-15.48,0.0517,110.014,0.122,76,247962
Karma,Midnights,10/21/2022,0.0734,0.642,0.62,0,0.483,-7.091,0.0666,90.02,0.0969,88,204852
Sweet Nothing,Midnights,10/21/2022,0.964,0.337,0.156,7.72E-05,0.115,-14.919,0.0518,176.655,0.39,76,188496
Mastermind,Midnights,10/21/2022,0.553,0.662,0.357,0.00129,0.0837,-14.064,0.154,125.966,0.124,78,191039
State Of Grace (Taylor's Version),Red (Taylor's Version),11/12/2021,0.000328,0.594,0.713,0,0.114,-5.314,0.0503,129.958,0.328,72,295413
Red (Taylor's Version),Red (Taylor's Version),11/12/2021,0.00108,0.516,0.777,1.62E-06,0.0761,-4.908,0.0375,125.047,0.408,80,223093
Treacherous (Taylor's Version),Red (Taylor's Version),11/12/2021,0.0344,0.645,0.593,0.000127,0.13,-6.506,0.0288,109.984,0.299,73,242720
I Knew You Were Trouble (Taylor's Version),Red (Taylor's Version),11/12/2021,0.0129,0.584,0.557,0,0.0576,-6.371,0.0342,154.008,0.767,80,219760
All Too Well (Taylor's Version),Red (Taylor's Version),11/12/2021,0.0171,0.44,0.528,0.00203,0.234,-7.809,0.0317,185.972,0.132,78,329160
22 (Taylor's Version),Red (Taylor's Version),11/12/2021,0.000443,0.642,0.695,1.02E-05,0.0753,-5.62,0.0281,103.984,0.642,80,230960
I Almost Do (Taylor's Version),Red (Taylor's Version),11/12/2021,0.0167,0.511,0.559,0,0.113,-6.587,0.0264,145.88,0.248,71,244586
We Are Never Ever Getting Back Together (Taylor's Version),Red (Taylor's Version),11/12/2021,0.0317,0.567,0.686,1.86E-06,0.0732,-6.139,0.175,172.014,0.716,81,193146
Stay Stay Stay (Taylor's Version),Red (Taylor's Version),11/12/2021,0.0848,0.693,0.681,0,0.0768,-7.039,0.025,100.02,0.663,71,205786
The Last Time (feat. Gary Lightbody of Snow Patrol) (Taylor’s Version),Red (Taylor's Version),11/12/2021,0.0399,0.502,0.534,0,0.0977,-5.954,0.0278,94.05,0.155,74,299080
Holy Ground (Taylor's Version),Red (Taylor's Version),11/12/2021,0.0288,0.622,0.809,0.00218,0.109,-5.623,0.0638,156.894,0.511,70,202960
Sad Beautiful Tragic (Taylor's Version),Red (Taylor's Version),11/12/2021,0.622,0.601,0.406,9.19E-05,0.133,-11.827,0.0275,130.059,0.232,72,284773
The Lucky One (Taylor's Version),Red (Taylor's Version),11/12/2021,0.066,0.686,0.571,0,0.0608,-7.138,0.05,117.889,0.538,70,240466
Everything Has Changed (feat. Ed Sheeran) (Taylor’s Version),Red (Taylor's Version),11/12/2021,0.271,0.498,0.61,0,0.223,-5.098,0.0363,79.918,0.474,76,245426
Starlight (Taylor's Version),Red (Taylor's Version),11/12/2021,0.00324,0.628,0.685,0,0.18,-5.864,0.0358,126.014,0.605,69,220413
Begin Again (Taylor's Version),Red (Taylor's Version),11/12/2021,0.075,0.519,0.527,0,0.132,-7.673,0.0274,78.915,0.267,73,238866
The Moment I Knew (Taylor's Version),Red (Taylor's Version),11/12/2021,0.0494,0.636,0.402,0,0.107,-7.855,0.031,125.952,0.208,70,285280
Come Back...Be Here (Taylor's Version),Red (Taylor's Version),11/12/2021,0.0158,0.46,0.632,0,0.0822,-6.031,0.0302,79.846,0.399,73,223333
Girl At Home (Taylor's Version),Red (Taylor's Version),11/12/2021,0.00955,0.691,0.736,1.88E-05,0.101,-6.974,0.0326,125.089,0.612,68,220520
State Of Grace (Acoustic Version) (Taylor's Version),Red (Taylor's Version),11/12/2021,0.663,0.445,0.131,1.57E-06,0.108,-13.778,0.0564,208.918,0.101,67,321640
Ronan (Taylor's Version),Red (Taylor's Version),11/12/2021,0.661,0.623,0.279,0,0.193,-10.802,0.031,116.04,0.38,65,264253
Better Man (Taylor's Version) (From The Vault),Red (Taylor's Version),11/12/2021,0.214,0.473,0.579,0,0.0877,-5.824,0.0384,73.942,0.255,74,297013
Nothing New (feat. Phoebe Bridgers) (Taylor’s Version) (From The Vault),Red (Taylor's Version),11/12/2021,0.817,0.606,0.377,0,0.154,-9.455,0.0275,101.96,0.446,78,258812
Babe (Taylor's Version) (From The Vault),Red (Taylor's Version),11/12/2021,0.0538,0.584,0.743,2.83E-06,0.121,-7.075,0.0931,167.844,0.746,74,224240
Message In A Bottle (Taylor's Version) (From The Vault),Red (Taylor's Version),11/12/2021,0.00188,0.622,0.791,3.72E-06,0.083,-6.106,0.0535,115.915,0.494,74,225960
I Bet You Think About Me (feat. Chris Stapleton) (Taylor’s Version) (From The Vault),Red (Taylor's Version),11/12/2021,0.167,0.391,0.715,0,0.183,-4.516,0.0495,149.654,0.473,77,285106
Forever Winter (Taylor's Version) (From The Vault),Red (Taylor's Version),11/12/2021,0.256,0.611,0.552,0,0.134,-5.828,0.031,116.012,0.41,70,263533
Run (feat. Ed Sheeran) (Taylor’s Version) (From The Vault),Red (Taylor's Version),11/12/2021,0.817,0.61,0.488,0,0.312,-6.918,0.0293,125.039,0.443,71,240226
The Very First Night (Taylor's Version) (From The Vault),Red (Taylor's Version),11/12/2021,0.00115,0.678,0.733,0,0.104,-5.025,0.0281,121.009,0.581,77,200280
All Too Well (10 Minute Version) (Taylor's Version) (From The Vault),Red (Taylor's Version),11/12/2021,0.274,0.631,0.518,0,0.088,-8.771,0.0303,93.023,0.205,87,613026
Fearless (Taylor’s Version),Fearless (Taylor's Version),4/9/2021,0.0122,0.569,0.741,0,0.333,-4.963,0.0282,100.118,0.43,84,241591
Fifteen (Taylor’s Version),Fearless (Taylor's Version),4/9/2021,0.116,0.559,0.646,0,0.32,-4.61,0.0272,95.466,0.289,72,294419
Love Story (Taylor’s Version),Fearless (Taylor's Version),4/9/2021,0.13,0.627,0.792,3.97E-06,0.0845,-4.311,0.031,119.054,0.415,82,235766
Hey Stephen (Taylor’s Version),Fearless (Taylor's Version),4/9/2021,0.106,0.788,0.571,0,0.0934,-6.135,0.0296,115.99,0.797,71,254254
White Horse (Taylor’s Version),Fearless (Taylor's Version),4/9/2021,0.369,0.423,0.517,0,0.177,-7.377,0.0486,185.262,0.366,72,234515
You Belong With Me (Taylor’s Version),Fearless (Taylor's Version),4/9/2021,0.0623,0.632,0.773,0,0.0885,-4.856,0.0346,130.033,0.474,86,231124
Breathe (feat. Colbie Caillat) (Taylor’s Version),Fearless (Taylor's Version),4/9/2021,0.156,0.506,0.626,0,0.228,-6.066,0.0287,148.035,0.321,69,263377
Tell Me Why (Taylor’s Version),Fearless (Taylor's Version),4/9/2021,0.0222,0.578,0.909,0,0.333,-3.669,0.0628,100.023,0.541,67,200575
You’re Not Sorry (Taylor’s Version),Fearless (Taylor's Version),4/9/2021,0.0538,0.506,0.444,0,0.123,-4.99,0.0285,133.873,0.241,70,261842
The Way I Loved You (Taylor’s Version),Fearless (Taylor's Version),4/9/2021,0.0033,0.402,0.732,0,0.108,-4.665,0.0484,161.032,0.472,82,243136
Forever & Always (Taylor’s Version),Fearless (Taylor's Version),4/9/2021,0.0231,0.598,0.821,0,0.143,-4.433,0.0447,128.03,0.673,73,225328
The Best Day (Taylor’s Version),Fearless (Taylor's Version),4/9/2021,0.488,0.642,0.576,0,0.159,-8.524,0.0282,125,0.469,67,245290
Change (Taylor’s Version),Fearless (Taylor's Version),4/9/2021,0.000191,0.499,0.815,0,0.181,-4.063,0.0341,95.999,0.344,66,279359
Jump Then Fall (Taylor’s Version),Fearless (Taylor's Version),4/9/2021,0.0474,0.572,0.69,0,0.0897,-6.201,0.0358,160.111,0.624,68,237580
Untouchable (Taylor’s Version),Fearless (Taylor's Version),4/9/2021,0.0181,0.393,0.531,0,0.169,-6.112,0.0329,200.391,0.224,68,312107
Forever & Always (Piano Version) (Taylor’s Version),Fearless (Taylor's Version),4/9/2021,0.819,0.546,0.273,0,0.137,-9.208,0.0308,118.753,0.271,67,267833
Come In With The Rain (Taylor’s Version),Fearless (Taylor's Version),4/9/2021,0.0406,0.476,0.564,0,0.102,-5.677,0.0269,143.929,0.167,65,237338
Superstar (Taylor’s Version),Fearless (Taylor's Version),4/9/2021,0.157,0.454,0.555,0,0.343,-6.69,0.0283,171.862,0.171,64,263865
The Other Side Of The Door (Taylor’s Version),Fearless (Taylor's Version),4/9/2021,0.0279,0.432,0.873,0,0.167,-4.367,0.0577,163.936,0.629,69,238443
Today Was A Fairytale (Taylor’s Version),Fearless (Taylor's Version),4/9/2021,0.0135,0.482,0.779,0,0.296,-5.025,0.0409,158.162,0.328,67,241822
You All Over Me (feat. Maren Morris) (Taylor’s Version) (From The Vault),Fearless (Taylor's Version),4/9/2021,0.816,0.599,0.494,0,0.101,-7.61,0.0372,142.893,0.44,66,220839
Mr. Perfectly Fine (Taylor’s Version) (From The Vault),Fearless (Taylor's Version),4/9/2021,0.162,0.66,0.817,0,0.0667,-6.269,0.0521,135.942,0.714,77,277591
We Were Happy (Taylor’s Version) (From The Vault),Fearless (Taylor's Version),4/9/2021,0.849,0.609,0.373,0,0.0779,-8.819,0.0263,106.007,0.13,68,244236
That’s When (feat. Keith Urban) (Taylor’s Version) (From The Vault),Fearless (Taylor's Version),4/9/2021,0.225,0.588,0.608,0,0.092,-7.062,0.0365,90.201,0.508,69,189495
Don’t You (Taylor’s Version) (From The Vault),Fearless (Taylor's Version),4/9/2021,0.514,0.563,0.473,1.20E-05,0.109,-11.548,0.0503,101.934,0.405,70,208608
Bye Bye Baby (Taylor’s Version) (From The Vault),Fearless (Taylor's Version),4/9/2021,0.334,0.624,0.624,0,0.0995,-7.86,0.0539,80.132,0.527,68,242157
willow,evermore (deluxe version),1/7/2021,0.833,0.392,0.574,0.00179,0.145,-9.195,0.17,81.112,0.529,75,214706
champagne problems,evermore (deluxe version),1/7/2021,0.92,0.462,0.24,0,0.113,-12.077,0.0377,171.319,0.32,75,244000
gold rush,evermore (deluxe version),1/7/2021,0.83,0.512,0.462,0.166,0.121,-10.491,0.0408,112.05,0.353,73,185320
‘tis the damn season,evermore (deluxe version),1/7/2021,0.735,0.575,0.434,6.59E-05,0.105,-8.193,0.0312,145.916,0.348,74,229840
tolerate it,evermore (deluxe version),1/7/2021,0.878,0.316,0.361,2.67E-05,0.0797,-10.381,0.0488,74.952,0.221,74,245440
"no body, no crime (feat. HAIM)",evermore (deluxe version),1/7/2021,0.418,0.546,0.613,0,0.103,-7.589,0.0264,79.015,0.535,72,215626
happiness,evermore (deluxe version),1/7/2021,0.87,0.559,0.334,0,0.114,-10.733,0.0376,122.079,0.211,71,315146
dorothea,evermore (deluxe version),1/7/2021,0.696,0.605,0.488,0,0.129,-8.322,0.0264,119.966,0.354,70,225880
coney island (feat. The National),evermore (deluxe version),1/7/2021,0.819,0.537,0.537,0.000904,0.142,-11.266,0.0617,107.895,0.292,71,275320
ivy,evermore (deluxe version),1/7/2021,0.855,0.515,0.545,1.97E-05,0.0921,-9.277,0.0353,88.856,0.535,71,260440
cowboy like me,evermore (deluxe version),1/7/2021,0.768,0.604,0.517,0.000155,0.123,-9.014,0.0347,127.967,0.511,71,275040
long story short,evermore (deluxe version),1/7/2021,0.66,0.546,0.73,0.179,0.0972,-7.704,0.0417,157.895,0.573,70,215920
marjorie,evermore (deluxe version),1/7/2021,0.876,0.535,0.561,0.000136,0.115,-11.609,0.0484,96.103,0.287,71,257773
closure,evermore (deluxe version),1/7/2021,0.835,0.689,0.704,4.83E-06,0.134,-10.813,0.245,151.884,0.92,68,180653
evermore (feat. Bon Iver),evermore (deluxe version),1/7/2021,0.937,0.39,0.27,0.00227,0.111,-10.673,0.0308,125.177,0.32,72,304106
right where you left me - bonus track,evermore (deluxe version),1/7/2021,0.769,0.581,0.619,0.000106,0.117,-6.524,0.0282,137.915,0.645,82,245026
it’s time to go - bonus track,evermore (deluxe version),1/7/2021,0.801,0.592,0.41,1.39E-05,0.09,-12.426,0.0397,151.923,0.416,73,254640
willow,evermore,12/11/2020,0.833,0.392,0.574,0.00179,0.145,-9.195,0.17,81.112,0.529,83,214706
champagne problems,evermore,12/11/2020,0.92,0.462,0.24,0,0.113,-12.077,0.0377,171.319,0.32,83,244000
gold rush,evermore,12/11/2020,0.83,0.512,0.462,0.166,0.121,-10.491,0.0408,112.05,0.353,75,185320
‘tis the damn season,evermore,12/11/2020,0.735,0.575,0.434,6.59E-05,0.105,-8.193,0.0312,145.916,0.348,76,229840
tolerate it,evermore,12/11/2020,0.878,0.316,0.361,2.67E-05,0.0797,-10.381,0.0488,74.952,0.221,80,245440
"no body, no crime (feat. HAIM)",evermore,12/11/2020,0.418,0.546,0.613,0,0.103,-7.589,0.0264,79.015,0.535,72,215626
happiness,evermore,12/11/2020,0.87,0.559,0.334,0,0.114,-10.733,0.0376,122.079,0.211,71,315146
dorothea,evermore,12/11/2020,0.696,0.605,0.488,0,0.129,-8.322,0.0264,119.966,0.354,69,225880
coney island (feat. The National),evermore,12/11/2020,0.819,0.537,0.537,0.000904,0.142,-11.266,0.0617,107.895,0.292,68,275320
ivy,evermore,12/11/2020,0.855,0.515,0.545,1.97E-05,0.0921,-9.277,0.0353,88.856,0.535,74,260440
cowboy like me,evermore,12/11/2020,0.768,0.604,0.517,0.000155,0.123,-9.014,0.0347,127.967,0.511,72,275040
long story short,evermore,12/11/2020,0.66,0.546,0.73,0.179,0.0972,-7.704,0.0417,157.895,0.573,68,215920
marjorie,evermore,12/11/2020,0.876,0.535,0.561,0.000136,0.115,-11.609,0.0484,96.103,0.287,75,257773
closure,evermore,12/11/2020,0.835,0.689,0.704,4.83E-06,0.134,-10.813,0.245,151.884,0.92,66,180653
evermore (feat. Bon Iver),evermore,12/11/2020,0.937,0.39,0.27,0.00227,0.111,-10.673,0.0308,125.177,0.32,70,304106
the 1,folklore: the long pond studio sessions (from the Disney+ special) [deluxe edition],11/25/2020,0.75,0.78,0.361,7.14E-06,0.108,-6.942,0.048,139.902,0.163,55,210240
cardigan,folklore: the long pond studio sessions (from the Disney+ special) [deluxe edition],11/25/2020,0.525,0.612,0.58,0.000414,0.26,-8.572,0.0419,130.045,0.534,56,239560
the last great american dynasty,folklore: the long pond studio sessions (from the Disney+ special) [deluxe edition],11/25/2020,0.481,0.688,0.653,0.00414,0.106,-8.558,0.0403,147.991,0.701,54,231000
exile (feat. Bon Iver),folklore: the long pond studio sessions (from the Disney+ special) [deluxe edition],11/25/2020,0.761,0.31,0.374,2.46E-05,0.11,-8.464,0.0275,75.938,0.16,55,285640
my tears ricochet,folklore: the long pond studio sessions (from the Disney+ special) [deluxe edition],11/25/2020,0.814,0.456,0.265,0,0.0679,-10.663,0.0328,129.947,0.112,54,255893
mirrorball,folklore: the long pond studio sessions (from the Disney+ special) [deluxe edition],11/25/2020,0.686,0.549,0.417,1.90E-06,0.0604,-10.064,0.035,110.137,0.347,53,208973
seven,folklore: the long pond studio sessions (from the Disney+ special) [deluxe edition],11/25/2020,0.888,0.602,0.494,2.59E-05,0.0902,-10.813,0.0277,94.955,0.374,52,208906
august,folklore: the long pond studio sessions (from the Disney+ special) [deluxe edition],11/25/2020,0.553,0.387,0.634,6.93E-05,0.0931,-9.222,0.0363,89.567,0.42,55,261920
this is me trying,folklore: the long pond studio sessions (from the Disney+ special) [deluxe edition],11/25/2020,0.312,0.511,0.478,2.30E-05,0.147,-9.837,0.0322,135.882,0.408,53,195106
illicit affairs,folklore: the long pond studio sessions (from the Disney+ special) [deluxe edition],11/25/2020,0.862,0.529,0.304,0,0.108,-10.567,0.0356,119.58,0.44,53,190893
invisible string,folklore: the long pond studio sessions (from the Disney+ special) [deluxe edition],11/25/2020,0.859,0.651,0.459,6.63E-05,0.105,-11.128,0.0507,83.455,0.454,53,252880
mad woman,folklore: the long pond studio sessions (from the Disney+ special) [deluxe edition],11/25/2020,0.67,0.593,0.7,6.77E-06,0.116,-9.016,0.0492,141.898,0.451,51,237266
epiphany,folklore: the long pond studio sessions (from the Disney+ special) [deluxe edition],11/25/2020,0.727,0.317,0.254,0.000326,0.0867,-13.679,0.0286,93.933,0.103,50,289746
betty,folklore: the long pond studio sessions (from the Disney+ special) [deluxe edition],11/25/2020,0.589,0.595,0.376,0,0.0989,-8.767,0.0256,95.946,0.476,51,294520
peace,folklore: the long pond studio sessions (from the Disney+ special) [deluxe edition],11/25/2020,0.916,0.644,0.284,1.50E-05,0.0909,-12.879,0.0821,150.072,0.328,50,234000
hoax,folklore: the long pond studio sessions (from the Disney+ special) [deluxe edition],11/25/2020,0.964,0.676,0.178,7.90E-06,0.135,-15.01,0.0394,118.84,0.404,49,220040
the lakes - bonus track,folklore: the long pond studio sessions (from the Disney+ special) [deluxe edition],11/25/2020,0.842,0.313,0.258,1.30E-06,0.0948,-11.532,0.0383,179.947,0.268,51,211813
the 1 - the long pond studio sessions,folklore: the long pond studio sessions (from the Disney+ special) [deluxe edition],11/25/2020,0.898,0.708,0.25,0.026,0.102,-10.731,0.0361,139.803,0.156,60,219893
cardigan - the long pond studio sessions,folklore: the long pond studio sessions (from the Disney+ special) [deluxe edition],11/25/2020,0.88,0.395,0.234,0,0.107,-9.704,0.0382,86.478,0.247,62,230680
the last great american dynasty - the long pond studio sessions,folklore: the long pond studio sessions (from the Disney+ special) [deluxe edition],11/25/2020,0.743,0.64,0.618,0.004,0.0574,-11.715,0.0379,147.948,0.614,58,232346
exile (feat. Bon Iver) - the long pond studio sessions,folklore: the long pond studio sessions (from the Disney+ special) [deluxe edition],11/25/2020,0.848,0.359,0.305,6.74E-05,0.111,-10.295,0.0306,151.956,0.108,59,279893
my tears ricochet - the long pond studio sessions,folklore: the long pond studio sessions (from the Disney+ special) [deluxe edition],11/25/2020,0.946,0.531,0.172,1.01E-05,0.0615,-12.34,0.0351,129.007,0.168,62,295173
mirrorball - the long pond studio sessions,folklore: the long pond studio sessions (from the Disney+ special) [deluxe edition],11/25/2020,0.78,0.509,0.386,3.45E-05,0.118,-8.434,0.0272,109.993,0.109,59,237373
seven - the long pond studio sessions,folklore: the long pond studio sessions (from the Disney+ special) [deluxe edition],11/25/2020,0.914,0.694,0.449,0.000126,0.1,-11.49,0.0301,94.963,0.363,58,208986
august - the long pond studio sessions,folklore: the long pond studio sessions (from the Disney+ special) [deluxe edition],11/25/2020,0.5,0.554,0.663,4.77E-05,0.791,-8.961,0.0324,89.977,0.545,60,260000
this is me trying - the long pond studio sessions,folklore: the long pond studio sessions (from the Disney+ special) [deluxe edition],11/25/2020,0.928,0.435,0.332,0.000898,0.0867,-11.611,0.031,68.097,0.157,61,209293
illicit affairs - the long pond studio sessions,folklore: the long pond studio sessions (from the Disney+ special) [deluxe edition],11/25/2020,0.883,0.489,0.235,0,0.113,-10.274,0.0356,117.699,0.435,59,183720
invisible string - the long pond studio sessions,folklore: the long pond studio sessions (from the Disney+ special) [deluxe edition],11/25/2020,0.942,0.59,0.282,4.85E-06,0.11,-10.542,0.0281,83.438,0.351,58,257359
mad woman - the long pond studio sessions,folklore: the long pond studio sessions (from the Disney+ special) [deluxe edition],11/25/2020,0.887,0.663,0.465,0.000168,0.109,-10.463,0.0408,141.834,0.346,56,238333
epiphany - the long pond studio sessions,folklore: the long pond studio sessions (from the Disney+ special) [deluxe edition],11/25/2020,0.916,0.524,0.2,0.000392,0.068,-13.004,0.0274,93.87,0.113,56,274880
betty - the long pond studio sessions,folklore: the long pond studio sessions (from the Disney+ special) [deluxe edition],11/25/2020,0.841,0.538,0.316,0,0.119,-9.5,0.0299,95.68,0.518,58,290040
peace - the long pond studio sessions,folklore: the long pond studio sessions (from the Disney+ special) [deluxe edition],11/25/2020,0.93,0.619,0.344,7.61E-05,0.0734,-11.472,0.0647,149.897,0.513,56,214373
hoax - the long pond studio sessions,folklore: the long pond studio sessions (from the Disney+ special) [deluxe edition],11/25/2020,0.962,0.682,0.155,0,0.18,-13.083,0.0394,118.832,0.483,57,221800
the lakes - the long pond studio sessions,folklore: the long pond studio sessions (from the Disney+ special) [deluxe edition],11/25/2020,0.794,0.606,0.221,0,0.0888,-11.767,0.0468,89.844,0.112,59,199733
the 1,folklore (deluxe version),8/18/2020,0.75,0.78,0.361,7.14E-06,0.108,-6.942,0.048,139.902,0.163,74,210240
cardigan,folklore (deluxe version),8/18/2020,0.525,0.612,0.58,0.000414,0.26,-8.572,0.0419,130.045,0.534,75,239560
the last great american dynasty,folklore (deluxe version),8/18/2020,0.481,0.688,0.653,0.00414,0.106,-8.558,0.0403,147.991,0.701,73,231000
exile (feat. Bon Iver),folklore (deluxe version),8/18/2020,0.761,0.31,0.374,2.46E-05,0.11,-8.464,0.0275,75.938,0.16,74,285640
my tears ricochet,folklore (deluxe version),8/18/2020,0.814,0.456,0.265,0,0.0679,-10.663,0.0328,129.947,0.112,74,255893
mirrorball,folklore (deluxe version),8/18/2020,0.686,0.549,0.417,1.90E-06,0.0604,-10.064,0.035,110.137,0.347,73,208973
seven,folklore (deluxe version),8/18/2020,0.888,0.602,0.494,2.59E-05,0.0902,-10.813,0.0277,94.955,0.374,72,208906
august,folklore (deluxe version),8/18/2020,0.553,0.387,0.634,6.93E-05,0.0931,-9.222,0.0363,89.567,0.42,74,261920
this is me trying,folklore (deluxe version),8/18/2020,0.312,0.511,0.478,2.30E-05,0.147,-9.837,0.0322,135.882,0.408,73,195106
illicit affairs,folklore (deluxe version),8/18/2020,0.862,0.529,0.304,0,0.108,-10.567,0.0356,119.58,0.44,73,190893
invisible string,folklore (deluxe version),8/18/2020,0.859,0.651,0.459,6.63E-05,0.105,-11.128,0.0507,83.455,0.454,72,252880
mad woman,folklore (deluxe version),8/18/2020,0.67,0.593,0.7,6.77E-06,0.116,-9.016,0.0492,141.898,0.451,70,237266
epiphany,folklore (deluxe version),8/18/2020,0.727,0.317,0.254,0.000326,0.0867,-13.679,0.0286,93.933,0.103,69,289746
betty,folklore (deluxe version),8/18/2020,0.589,0.595,0.376,0,0.0989,-8.767,0.0256,95.946,0.476,71,294520
peace,folklore (deluxe version),8/18/2020,0.916,0.644,0.284,1.50E-05,0.0909,-12.879,0.0821,150.072,0.328,70,234000
hoax,folklore (deluxe version),8/18/2020,0.964,0.676,0.178,7.90E-06,0.135,-15.01,0.0394,118.84,0.404,69,220040
the lakes - bonus track,folklore (deluxe version),8/18/2020,0.842,0.313,0.258,1.30E-06,0.0948,-11.532,0.0383,179.947,0.268,73,211813
the 1,folklore,7/24/2020,0.757,0.777,0.357,7.28E-06,0.108,-6.942,0.0522,139.883,0.172,81,210251
cardigan,folklore,7/24/2020,0.537,0.613,0.581,0.000345,0.25,-8.588,0.0424,130.033,0.551,90,239560
the last great american dynasty,folklore,7/24/2020,0.467,0.686,0.662,0.0023,0.109,-8.505,0.0413,147.922,0.706,78,230999
exile (feat. Bon Iver),folklore,7/24/2020,0.778,0.298,0.38,5.62E-05,0.11,-8.426,0.0287,75.602,0.152,83,285634
my tears ricochet,folklore,7/24/2020,0.806,0.456,0.263,0,0.0749,-10.63,0.0332,129.86,0.111,82,255893
mirrorball,folklore,7/24/2020,0.687,0.553,0.413,2.33E-06,0.0594,-10.037,0.0334,110.107,0.379,81,208977
seven,folklore,7/24/2020,0.9,0.596,0.488,2.70E-05,0.091,-10.769,0.0274,94.926,0.415,77,208906
august,folklore,7/24/2020,0.538,0.532,0.623,7.28E-05,0.0925,-9.208,0.0331,89.937,0.403,91,261922
this is me trying,folklore,7/24/2020,0.314,0.515,0.476,4.74E-05,0.171,-9.843,0.0328,135.886,0.412,80,195097
illicit affairs,folklore,7/24/2020,0.881,0.559,0.31,0,0.106,-10.445,0.0338,119.845,0.46,81,190898
invisible string,folklore,7/24/2020,0.838,0.653,0.452,7.73E-05,0.108,-11.143,0.055,83.433,0.45,79,252880
mad woman,folklore,7/24/2020,0.655,0.592,0.699,1.68E-05,0.114,-8.995,0.0471,141.916,0.506,72,237258
epiphany,folklore,7/24/2020,0.731,0.354,0.267,0.000402,0.0858,-13.69,0.0281,94.219,0.113,70,289749
betty,folklore,7/24/2020,0.6,0.593,0.377,0,0.0976,-8.761,0.0253,95.939,0.502,78,294521
peace,folklore,7/24/2020,0.918,0.647,0.272,1.73E-05,0.0918,-12.906,0.0916,150.044,0.339,72,234000
hoax,folklore,7/24/2020,0.966,0.662,0.181,3.86E-06,0.133,-15.065,0.0415,118.819,0.429,71,220042
I Forgot That You Existed,Lover,8/23/2019,0.298,0.664,0.316,2.03E-06,0.0812,-10.345,0.519,92.875,0.541,77,170640
Cruel Summer,Lover,8/23/2019,0.117,0.552,0.702,2.06E-05,0.105,-5.707,0.157,169.994,0.564,99,178426
Lover,Lover,8/23/2019,0.492,0.359,0.543,1.58E-05,0.118,-7.582,0.0919,68.534,0.453,92,221306
The Man,Lover,8/23/2019,0.0767,0.777,0.658,0,0.0901,-5.191,0.054,110.048,0.633,86,190360
The Archer,Lover,8/23/2019,0.12,0.292,0.574,0.00569,0.0663,-9.375,0.0401,124.344,0.166,82,211240
I Think He Knows,Lover,8/23/2019,0.00889,0.897,0.366,0.000353,0.0715,-8.029,0.0569,100.003,0.416,78,173386
Miss Americana & The Heartbreak Prince,Lover,8/23/2019,0.028,0.662,0.747,0.00615,0.138,-6.926,0.0736,150.088,0.487,84,234146
Paper Rings,Lover,8/23/2019,0.0129,0.811,0.719,1.36E-05,0.0742,-6.553,0.0497,103.979,0.865,85,222400
Cornelia Street,Lover,8/23/2019,0.781,0.824,0.624,0.000189,0.1,-9.728,0.0827,102.012,0.248,81,287266
Death By A Thousand Cuts,Lover,8/23/2019,0.454,0.712,0.732,0,0.319,-6.754,0.0629,94.071,0.313,79,198533
London Boy,Lover,8/23/2019,0.0246,0.695,0.71,0.000104,0.133,-6.639,0.05,157.925,0.557,80,190240
Soon You’ll Get Better (feat. The Chicks),Lover,8/23/2019,0.907,0.433,0.182,0,0.123,-12.566,0.0641,207.476,0.421,72,201586
False God,Lover,8/23/2019,0.736,0.739,0.32,0.000147,0.111,-10.862,0.239,79.97,0.351,78,200306
You Need To Calm Down,Lover,8/23/2019,0.00929,0.771,0.671,0,0.0637,-5.617,0.0553,85.026,0.714,84,171360
Afterglow,Lover,8/23/2019,0.13,0.756,0.449,0,0.114,-8.746,0.0344,111.011,0.399,82,223293
ME! (feat. Brendon Urie of Panic! At The Disco),Lover,8/23/2019,0.033,0.61,0.83,0,0.118,-4.105,0.0571,182.162,0.728,80,193000
It’s Nice To Have A Friend,Lover,8/23/2019,0.971,0.737,0.175,0.000337,0.171,-9.912,0.0401,70.008,0.545,72,150440
Daylight,Lover,8/23/2019,0.808,0.557,0.496,0.000173,0.0772,-9.602,0.0563,149.983,0.265,85,293453
...Ready For It?,reputation,11/10/2017,0.0527,0.613,0.764,0,0.197,-6.509,0.136,160.015,0.417,85,208186
End Game,reputation,11/10/2017,0.00845,0.649,0.589,0,0.108,-6.237,0.0558,159.073,0.151,82,244826
I Did Something Bad,reputation,11/10/2017,0.0679,0.696,0.602,2.11E-05,0.0696,-6.156,0.159,82.989,0.305,83,238253
Don’t Blame Me,reputation,11/10/2017,0.106,0.615,0.534,1.76E-05,0.0607,-6.719,0.0386,135.917,0.193,91,236413
Delicate,reputation,11/10/2017,0.216,0.75,0.404,0.000357,0.0911,-10.178,0.0682,95.045,0.0499,87,232253
Look What You Made Me Do,reputation,11/10/2017,0.204,0.766,0.709,1.41E-05,0.126,-6.471,0.123,128.07,0.506,87,211853
So It Goes...,reputation,11/10/2017,0.122,0.574,0.61,1.10E-06,0.13,-7.283,0.0732,74.957,0.374,77,227906
Gorgeous,reputation,11/10/2017,0.0713,0.8,0.535,9.48E-06,0.213,-6.684,0.135,92.027,0.451,83,209680
Getaway Car,reputation,11/10/2017,0.00465,0.562,0.689,2.23E-06,0.0888,-6.745,0.127,172.054,0.351,87,233626
King Of My Heart,reputation,11/10/2017,0.00882,0.675,0.703,2.21E-06,0.0391,-7.902,0.0382,110.01,0.314,80,214320
Dancing With Our Hands Tied,reputation,11/10/2017,0.0604,0.624,0.691,1.10E-05,0.138,-6.686,0.196,160.024,0.284,79,211506
Dress,reputation,11/10/2017,0.0329,0.719,0.469,0,0.169,-8.792,0.0533,120.085,0.0851,82,230373
This Is Why We Can't Have Nice Things,reputation,11/10/2017,0.0156,0.567,0.789,0,0.382,-5.986,0.115,163.96,0.438,78,207133
Call It What You Want,reputation,11/10/2017,0.186,0.598,0.504,0.000221,0.34,-9.874,0.0731,163.954,0.252,82,203506
New Year’s Day,reputation,11/10/2017,0.921,0.661,0.151,0,0.13,-12.864,0.0354,94.922,0.23,77,235466
All Too Well,reputation Stadium Tour Surprise Song Playlist,11/9/2017,0.0448,0.602,0.605,0.000334,0.128,-7.803,0.0244,93.061,0.316,42,329160
Wildest Dreams,reputation Stadium Tour Surprise Song Playlist,11/9/2017,0.0692,0.55,0.688,0.00144,0.106,-7.416,0.0897,139.997,0.465,45,220440
The Best Day,reputation Stadium Tour Surprise Song Playlist,11/9/2017,0.639,0.669,0.448,4.06E-06,0.158,-8.566,0.0285,126.068,0.383,36,246306
Red,reputation Stadium Tour Surprise Song Playlist,11/9/2017,0.0779,0.605,0.899,0.000125,0.0911,-4.273,0.0423,124.985,0.647,39,223093
Holy Ground,reputation Stadium Tour Surprise Song Playlist,11/9/2017,0.0162,0.627,0.816,0.00208,0.0965,-6.698,0.0774,157.043,0.648,36,202960
Teardrops On My Guitar - Radio Single Remix,reputation Stadium Tour Surprise Song Playlist,11/9/2017,0.313,0.626,0.427,0,0.138,-6.993,0.0234,99.959,0.263,38,204706
Our Song,reputation Stadium Tour Surprise Song Playlist,11/9/2017,0.114,0.545,0.663,0,0.321,-5.05,0.0363,178.013,0.565,43,203440
22,reputation Stadium Tour Surprise Song Playlist,11/9/2017,0.00254,0.66,0.733,0.00146,0.0473,-6.564,0.0379,104.009,0.68,41,232120
I Knew You Were Trouble.,reputation Stadium Tour Surprise Song Playlist,11/9/2017,0.00476,0.536,0.464,2.67E-06,0.0357,-6.761,0.0412,77.318,0.665,42,219720
I Don’t Wanna Live Forever (Fifty Shades Darker),reputation Stadium Tour Surprise Song Playlist,11/9/2017,0.0586,0.731,0.445,1.96E-05,0.14,-8.418,0.0533,117.97,0.106,84,247160
Mean,reputation Stadium Tour Surprise Song Playlist,11/9/2017,0.451,0.576,0.754,0,0.223,-3.982,0.0428,163.886,0.79,39,238693
How You Get The Girl,reputation Stadium Tour Surprise Song Playlist,11/9/2017,0.00364,0.765,0.656,0.00868,0.0918,-6.112,0.0504,119.997,0.545,38,247533
So It Goes...,reputation Stadium Tour Surprise Song Playlist,11/9/2017,0.122,0.574,0.61,1.10E-06,0.13,-7.283,0.0732,74.957,0.374,58,227906
Fifteen,reputation Stadium Tour Surprise Song Playlist,11/9/2017,0.0717,0.55,0.628,0,0.138,-4.437,0.0269,95.122,0.211,36,295320
Mine,reputation Stadium Tour Surprise Song Playlist,11/9/2017,0.00302,0.621,0.779,3.22E-06,0.187,-2.943,0.0301,121.034,0.67,40,231866
Sparks Fly,reputation Stadium Tour Surprise Song Playlist,11/9/2017,0.041,0.61,0.782,0,0.16,-2.98,0.0309,114.977,0.399,37,262920
State Of Grace,reputation Stadium Tour Surprise Song Playlist,11/9/2017,0.000184,0.591,0.828,0.00113,0.0879,-5.895,0.0333,129.962,0.383,34,295720
Haunted,reputation Stadium Tour Surprise Song Playlist,11/9/2017,0.0648,0.431,0.949,0,0.0612,-2.622,0.0605,162.012,0.37,36,245413
Never Grow Up,reputation Stadium Tour Surprise Song Playlist,11/9/2017,0.824,0.714,0.309,0,0.136,-8.828,0.0302,124.894,0.545,35,292920
Treacherous,reputation Stadium Tour Surprise Song Playlist,11/9/2017,0.101,0.704,0.621,4.30E-06,0.14,-8.086,0.0334,109.995,0.395,33,242760
Babe,reputation Stadium Tour Surprise Song Playlist,11/9/2017,0.0221,0.577,0.784,0,0.125,-3.266,0.101,171.791,0.643,34,215106
Welcome To New York,reputation Stadium Tour Surprise Song Playlist,11/9/2017,0.0348,0.789,0.634,1.64E-06,0.302,-4.762,0.0323,116.992,0.658,38,212600
Fearless,reputation Stadium Tour Surprise Song Playlist,11/9/2017,0.0377,0.603,0.718,0,0.307,-4.401,0.0272,100.163,0.429,37,242973
Enchanted,reputation Stadium Tour Surprise Song Playlist,11/9/2017,0.0717,0.535,0.626,0.00127,0.158,-3.895,0.0274,81.963,0.218,47,353253
Change,reputation Stadium Tour Surprise Song Playlist,11/9/2017,0.00418,0.543,0.763,0,0.111,-4.206,0.0376,96.006,0.234,33,281053
Ours,reputation Stadium Tour Surprise Song Playlist,11/9/2017,0.469,0.61,0.56,0,0.087,-7.392,0.0279,159.837,0.228,36,239346
Out Of The Woods,reputation Stadium Tour Surprise Song Playlist,11/9/2017,0.000743,0.553,0.841,1.19E-05,0.341,-6.937,0.0396,92.008,0.338,40,235800
Come Back...Be Here,reputation Stadium Tour Surprise Song Playlist,11/9/2017,0.00471,0.483,0.548,2.01E-06,0.0997,-6.291,0.0254,79.926,0.217,34,223920
A Place in this World,reputation Stadium Tour Surprise Song Playlist,11/9/2017,0.0577,0.573,0.767,0,0.327,-2.929,0.0323,114.984,0.438,33,202080
This Love,reputation Stadium Tour Surprise Song Playlist,11/9/2017,0.678,0.481,0.435,0,0.0928,-8.795,0.0321,143.95,0.107,34,250093
The Lucky One,reputation Stadium Tour Surprise Song Playlist,11/9/2017,0.0352,0.706,0.505,0,0.13,-7.639,0.0358,117.935,0.561,33,240266
Invisible,reputation Stadium Tour Surprise Song Playlist,11/9/2017,0.56,0.609,0.383,0,0.165,-5.732,0.0243,96.005,0.224,33,205853
Breathe,reputation Stadium Tour Surprise Song Playlist,11/9/2017,0.416,0.442,0.48,0,0.129,-7.405,0.0281,73.849,0.167,36,264946
Better Man,reputation Stadium Tour Surprise Song Playlist,11/9/2017,0.123,0.502,0.843,0,0.0974,-3.648,0.0378,143.944,0.507,37,263613
Jump Then Fall,reputation Stadium Tour Surprise Song Playlist,11/9/2017,0.113,0.617,0.699,0,0.074,-5.712,0.0274,80.007,0.818,32,238093
Begin Again,reputation Stadium Tour Surprise Song Playlist,11/9/2017,0.199,0.53,0.526,3.52E-06,0.14,-8.349,0.0263,79.025,0.323,33,239426
Tied Together with a Smile,reputation Stadium Tour Surprise Song Playlist,11/9/2017,0.521,0.479,0.547,0,0.0728,-4.948,0.0275,146.147,0.238,33,251213
The Story Of Us,reputation Stadium Tour Surprise Song Playlist,11/9/2017,0.00556,0.547,0.808,0.000304,0.0587,-3.63,0.0398,139.908,0.65,35,267653
Forever & Always,reputation Stadium Tour Surprise Song Playlist,11/9/2017,0.0806,0.607,0.829,0,0.207,-5.02,0.0588,128.057,0.52,33,226293
Hey Stephen,reputation Stadium Tour Surprise Song Playlist,11/9/2017,0.191,0.843,0.541,1.85E-06,0.108,-7.361,0.0318,116.001,0.838,32,256040
Speak Now,reputation Stadium Tour Surprise Song Playlist,11/9/2017,0.0991,0.712,0.603,0,0.102,-3.753,0.0304,118.986,0.714,36,243346
Wonderland,reputation Stadium Tour Surprise Song Playlist,11/9/2017,0.0493,0.422,0.692,2.57E-05,0.177,-5.447,0.0549,184.014,0.197,40,245560
White Horse,reputation Stadium Tour Surprise Song Playlist,11/9/2017,0.314,0.578,0.348,0,0.1,-8.066,0.0257,92.673,0.218,33,235400
I'm Only Me When I'm With You,reputation Stadium Tour Surprise Song Playlist,11/9/2017,0.00454,0.556,0.933,0.000469,0.101,-3.685,0.072,143.936,0.521,34,215600
Starlight,reputation Stadium Tour Surprise Song Playlist,11/9/2017,0.0192,0.649,0.777,0.000487,0.234,-5.797,0.0391,126.014,0.616,33,220600
I Know Places,reputation Stadium Tour Surprise Song Playlist,11/9/2017,0.245,0.602,0.755,0,0.178,-4.991,0.071,159.965,0.495,36,195706
Welcome To New York,1989 (Deluxe Edition),10/27/2014,0.0348,0.789,0.634,1.64E-06,0.302,-4.762,0.0323,116.992,0.658,59,212600
Blank Space,1989 (Deluxe Edition),10/27/2014,0.103,0.76,0.703,0,0.0913,-5.412,0.054,95.997,0.57,62,231826
Style,1989 (Deluxe Edition),10/27/2014,0.00245,0.588,0.791,0.00258,0.118,-5.595,0.0402,94.933,0.487,66,231000
Out Of The Woods,1989 (Deluxe Edition),10/27/2014,0.000743,0.553,0.841,1.19E-05,0.341,-6.937,0.0396,92.008,0.338,62,235800
All You Had To Do Was Stay,1989 (Deluxe Edition),10/27/2014,0.00201,0.605,0.725,2.02E-05,0.101,-5.729,0.0323,96.97,0.539,59,193293
Shake It Off,1989 (Deluxe Edition),10/27/2014,0.0647,0.647,0.8,0,0.334,-5.384,0.165,160.078,0.942,60,219200
I Wish You Would,1989 (Deluxe Edition),10/27/2014,0.0158,0.653,0.893,4.95E-05,0.102,-5.966,0.0538,118.035,0.513,64,207440
Bad Blood,1989 (Deluxe Edition),10/27/2014,0.0885,0.646,0.794,6.16E-06,0.201,-6.104,0.19,170.216,0.287,59,211933
Wildest Dreams,1989 (Deluxe Edition),10/27/2014,0.0692,0.55,0.688,0.00144,0.106,-7.416,0.0897,139.997,0.465,59,220440
How You Get The Girl,1989 (Deluxe Edition),10/27/2014,0.00364,0.765,0.656,0.00868,0.0918,-6.112,0.0504,119.997,0.545,64,247533
This Love,1989 (Deluxe Edition),10/27/2014,0.678,0.481,0.435,0,0.0928,-8.795,0.0321,143.95,0.107,58,250093
I Know Places,1989 (Deluxe Edition),10/27/2014,0.245,0.602,0.755,0,0.178,-4.991,0.071,159.965,0.495,62,195706
Clean,1989 (Deluxe Edition),10/27/2014,0.232,0.815,0.377,0,0.1,-7.754,0.0346,103.97,0.211,65,271000
Wonderland,1989 (Deluxe Edition),10/27/2014,0.0493,0.422,0.692,2.57E-05,0.177,-5.447,0.0549,184.014,0.197,66,245560
You Are In Love,1989 (Deluxe Edition),10/27/2014,0.707,0.474,0.48,0.000108,0.0903,-8.894,0.0622,170.109,0.319,65,267106
New Romantics,1989 (Deluxe Edition),10/27/2014,0.00463,0.633,0.889,0.000458,0.0658,-5.87,0.0715,121.956,0.584,71,230466
I Know Places - Voice Memo,1989 (Deluxe Edition),10/27/2014,0.829,0.592,0.128,0,0.527,-17.932,0.589,78.828,0.15,46,216333
I Wish You Would - Voice Memo,1989 (Deluxe Edition),10/27/2014,0.717,0.781,0.357,0,0.185,-16.394,0.912,118.317,0.645,44,107133
Blank Space - Voice Memo,1989 (Deluxe Edition),10/27/2014,0.801,0.675,0.234,0,0.657,-15.064,0.721,127.296,0.578,44,131186
Welcome To New York,1989,10/27/2014,0.038,0.793,0.634,1.76E-06,0.304,-4.807,0.0324,117.024,0.615,65,212600
Blank Space,1989,10/27/2014,0.085,0.753,0.678,1.64E-06,0.13,-5.421,0.0644,96.006,0.583,80,231826
Style,1989,10/27/2014,0.00253,0.598,0.786,0.0016,0.117,-5.572,0.0383,95.019,0.456,79,231000
Out Of The Woods,1989,10/27/2014,0.00103,0.552,0.842,1.17E-05,0.337,-6.938,0.0373,91.991,0.343,66,235800
All You Had To Do Was Stay,1989,10/27/2014,0.00196,0.602,0.736,4.57E-05,0.105,-5.778,0.0338,96.969,0.471,63,193293
Shake It Off,1989,10/27/2014,0.0561,0.647,0.785,0,0.148,-5.414,0.165,160.015,0.943,76,219200
I Wish You Would,1989,10/27/2014,0.016,0.648,0.898,9.91E-05,0.109,-5.963,0.0513,118.02,0.502,55,207440
Bad Blood,1989,10/27/2014,0.0871,0.65,0.802,6.54E-06,0.148,-6.114,0.181,170.146,0.295,71,211933
Wildest Dreams,1989,10/27/2014,0.0702,0.554,0.666,0.00593,0.106,-7.414,0.0747,140.056,0.472,73,220440
How You Get The Girl,1989,10/27/2014,0.00461,0.764,0.66,0.00477,0.0915,-6.136,0.0494,119.988,0.524,55,247533
This Love,1989,10/27/2014,0.635,0.475,0.459,0,0.101,-8.768,0.0333,143.988,0.0828,51,250093
I Know Places,1989,10/27/2014,0.231,0.596,0.763,0,0.2,-4.99,0.0661,159.958,0.507,52,195706
Clean,1989,10/27/2014,0.241,0.81,0.379,0,0.113,-7.771,0.0349,103.981,0.22,54,271000
State Of Grace,Red (Deluxe Edition),10/22/2012,0.000197,0.588,0.825,0.00138,0.0885,-5.882,0.0328,129.968,0.397,47,295186
Red,Red (Deluxe Edition),10/22/2012,0.0773,0.602,0.896,8.87E-05,0.091,-4.267,0.0437,124.978,0.641,53,220826
Treacherous,Red (Deluxe Edition),10/22/2012,0.101,0.705,0.621,4.30E-06,0.147,-8.086,0.0334,109.993,0.395,45,240773
I Knew You Were Trouble.,Red (Deluxe Edition),10/22/2012,0.00454,0.622,0.469,2.25E-06,0.0398,-6.798,0.0363,77.019,0.679,53,217973
All Too Well,Red (Deluxe Edition),10/22/2012,0.0382,0.602,0.609,0.0002,0.127,-7.803,0.0243,93.06,0.337,60,327893
22,Red (Deluxe Edition),10/22/2012,0.00215,0.658,0.729,0.0013,0.0752,-6.561,0.0378,104.007,0.668,58,230133
I Almost Do,Red (Deluxe Edition),10/22/2012,0.0173,0.567,0.481,4.13E-05,0.182,-7.357,0.027,145.865,0.233,46,242573
We Are Never Ever Getting Back Together,Red (Deluxe Edition),10/22/2012,0.00957,0.628,0.676,2.65E-05,0.102,-5.911,0.0916,85.984,0.75,51,191880
Stay Stay Stay,Red (Deluxe Edition),10/22/2012,0.307,0.729,0.748,1.29E-06,0.09,-6.67,0.0245,99.981,0.928,46,204826
The Last Time,Red (Deluxe Edition),10/22/2012,0.035,0.505,0.443,3.15E-06,0.0921,-7.039,0.0276,94.069,0.123,48,298293
Holy Ground,Red (Deluxe Edition),10/22/2012,0.0162,0.627,0.816,0.00208,0.0966,-6.698,0.0774,157.043,0.648,46,201853
Sad Beautiful Tragic,Red (Deluxe Edition),10/22/2012,0.632,0.624,0.34,0.0337,0.121,-12.411,0.029,129.987,0.261,43,283680
The Lucky One,Red (Deluxe Edition),10/22/2012,0.0371,0.706,0.499,0,0.132,-7.675,0.0369,117.937,0.545,44,240133
Everything Has Changed,Red (Deluxe Edition),10/22/2012,0.36,0.624,0.458,3.89E-06,0.303,-6.755,0.0287,80.017,0.436,48,243933
Starlight,Red (Deluxe Edition),10/22/2012,0.0213,0.649,0.777,0.000335,0.221,-5.804,0.0406,126.018,0.587,44,217826
Begin Again,Red (Deluxe Edition),10/22/2012,0.199,0.53,0.526,3.52E-06,0.232,-8.349,0.0263,79.025,0.323,44,237613
The Moment I Knew,Red (Deluxe Edition),10/22/2012,0.187,0.62,0.506,1.47E-05,0.102,-7.327,0.0312,126.015,0.275,42,285560
Come Back...Be Here,Red (Deluxe Edition),10/22/2012,0.00471,0.483,0.548,2.01E-06,0.0997,-6.291,0.0254,79.926,0.217,46,222706
Girl At Home,Red (Deluxe Edition),10/22/2012,0.272,0.733,0.59,0,0.136,-5.86,0.0284,125.048,0.633,40,220320
Treacherous - Original Demo Recording,Red (Deluxe Edition),10/22/2012,0.175,0.828,0.64,6.14E-05,0.0996,-8.248,0.0355,109.993,0.519,38,239720
Red - Original Demo Recording,Red (Deluxe Edition),10/22/2012,0.113,0.678,0.902,0.000235,0.0722,-4.659,0.0358,124.998,0.637,38,226280
State Of Grace - Acoustic,Red (Deluxe Edition),10/22/2012,0.664,0.626,0.118,0.000169,0.127,-15.91,0.0305,105.597,0.0682,41,323080
State Of Grace,Red,10/22/2012,0.000197,0.588,0.825,0.00138,0.0885,-5.882,0.0328,129.968,0.397,42,295186
Red,Red,10/22/2012,0.0773,0.602,0.896,8.87E-05,0.091,-4.267,0.0437,124.978,0.641,59,220826
Treacherous,Red,10/22/2012,0.101,0.705,0.621,4.30E-06,0.147,-8.086,0.0334,109.993,0.395,41,240773
I Knew You Were Trouble.,Red,10/22/2012,0.00454,0.622,0.469,2.25E-06,0.0398,-6.798,0.0363,77.019,0.679,63,217973
All Too Well,Red,10/22/2012,0.0382,0.602,0.609,0.0002,0.127,-7.803,0.0243,93.06,0.337,48,327893
22,Red,10/22/2012,0.00215,0.658,0.729,0.0013,0.0752,-6.561,0.0378,104.007,0.668,53,230133
I Almost Do,Red,10/22/2012,0.0173,0.567,0.481,4.13E-05,0.182,-7.357,0.027,145.865,0.233,43,242573
We Are Never Ever Getting Back Together,Red,10/22/2012,0.00957,0.628,0.676,2.65E-05,0.102,-5.911,0.0916,85.984,0.75,61,191880
Stay Stay Stay,Red,10/22/2012,0.307,0.729,0.748,1.29E-06,0.09,-6.67,0.0245,99.981,0.928,42,204826
The Last Time,Red,10/22/2012,0.035,0.505,0.443,3.15E-06,0.0921,-7.039,0.0276,94.069,0.123,40,298293
Holy Ground,Red,10/22/2012,0.0162,0.627,0.816,0.00208,0.0966,-6.698,0.0774,157.043,0.648,40,201853
Sad Beautiful Tragic,Red,10/22/2012,0.632,0.624,0.34,0.0337,0.121,-12.411,0.029,129.987,0.261,38,283680
The Lucky One,Red,10/22/2012,0.0371,0.706,0.499,0,0.132,-7.675,0.0369,117.937,0.545,39,240133
Everything Has Changed,Red,10/22/2012,0.36,0.624,0.458,3.89E-06,0.303,-6.755,0.0287,80.017,0.436,53,243933
Starlight,Red,10/22/2012,0.0213,0.649,0.777,0.000335,0.221,-5.804,0.0406,126.018,0.587,39,217826
Begin Again,Red,10/22/2012,0.199,0.53,0.526,3.52E-06,0.232,-8.349,0.0263,79.025,0.323,58,237613
Sparks Fly - Live/2011,Speak Now World Tour Live,10/25/2010,0.00917,0.455,0.783,0,0.918,-5.184,0.0393,114.981,0.298,49,336826
Mine - Live/2011,Speak Now World Tour Live,10/25/2010,0.00233,0.496,0.852,0,0.554,-4.775,0.0373,120.969,0.442,47,259279
The Story Of Us - Live,Speak Now World Tour Live,10/25/2010,0.00048,0.419,0.908,0,0.815,-5.156,0.0651,139.813,0.472,48,290520
Mean - Live/2011,Speak Now World Tour Live,10/25/2010,0.154,0.429,0.915,0,0.693,-4.373,0.069,163.752,0.432,47,246373
Ours - Live/2011,Speak Now World Tour Live,10/25/2010,0.715,0.421,0.355,0,0.867,-10.21,0.0298,77.769,0.267,46,245973
Back To December/Apologize/You're Not Sorry - Live/2011/Medley,Speak Now World Tour Live,10/25/2010,0.155,0.374,0.516,0,0.795,-8.745,0.0294,142.057,0.171,53,362826
Better Than Revenge - Live/2011,Speak Now World Tour Live,10/25/2010,0.00306,0.445,0.887,2.67E-05,0.931,-5.629,0.0768,145.954,0.386,48,344573
Speak Now - Live/2011,Speak Now World Tour Live,10/25/2010,0.0636,0.615,0.694,1.28E-06,0.83,-5.251,0.0318,118.876,0.373,47,248146
Last Kiss - Live/2011,Speak Now World Tour Live,10/25/2010,0.205,0.427,0.395,8.73E-06,0.701,-12.551,0.0291,79.517,0.188,47,369066
Drops Of Jupiter - Live/2011,Speak Now World Tour Live,10/25/2010,0.806,0.374,0.504,0,0.76,-8.407,0.0392,109.025,0.27,52,315173
Bette Davis Eyes - Live/2011,Speak Now World Tour Live,10/25/2010,0.713,0.327,0.488,0,0.837,-9.287,0.0322,104.46,0.363,49,189146
I Want You Back - Live/2011,Speak Now World Tour Live,10/25/2010,0.794,0.536,0.512,0.000122,0.497,-6.794,0.0341,97.397,0.249,50,83253
Dear John - Live/2011,Speak Now World Tour Live,10/25/2010,0.0157,0.521,0.386,0,0.884,-8.784,0.0301,119.518,0.138,48,404680
Enchanted - Live/2011,Speak Now World Tour Live,10/25/2010,0.0747,0.34,0.663,2.34E-06,0.563,-5.597,0.0331,163.678,0.214,49,389213
Haunted - Live/2011,Speak Now World Tour Live,10/25/2010,0.0245,0.338,0.818,0,0.889,-7.495,0.0496,162.157,0.177,48,292426
Long Live - Live/2011,Speak Now World Tour Live,10/25/2010,0.0053,0.544,0.728,0,0.865,-5.838,0.0282,101.939,0.204,48,376466
Mine,Speak Now (Deluxe Edition),10/25/2010,0.00265,0.624,0.757,1.87E-06,0.189,-2.94,0.0296,121.07,0.658,53,230706
Sparks Fly,Speak Now (Deluxe Edition),10/25/2010,0.0396,0.605,0.787,1.42E-06,0.163,-3.002,0.0308,114.987,0.374,53,260933
Back To December,Speak Now (Deluxe Edition),10/25/2010,0.117,0.529,0.67,0,0.334,-4.663,0.0303,141.893,0.286,54,293026
Speak Now,Speak Now (Deluxe Edition),10/25/2010,0.095,0.709,0.599,0,0.0973,-3.734,0.0304,118.975,0.735,48,240760
Dear John,Speak Now (Deluxe Edition),10/25/2010,0.166,0.589,0.47,1.45E-06,0.112,-5.32,0.028,119.386,0.102,54,403920
Mean,Speak Now (Deluxe Edition),10/25/2010,0.452,0.568,0.761,0,0.217,-3.987,0.0459,163.974,0.789,56,237733
The Story Of Us,Speak Now (Deluxe Edition),10/25/2010,0.00478,0.543,0.818,0.000368,0.0357,-3.611,0.0398,139.898,0.683,49,265666
Never Grow Up,Speak Now (Deluxe Edition),10/25/2010,0.819,0.714,0.305,0,0.174,-8.837,0.0305,124.91,0.554,53,290466
Enchanted,Speak Now (Deluxe Edition),10/25/2010,0.0739,0.455,0.623,0.000424,0.146,-3.878,0.0288,163.893,0.208,54,352186
Better Than Revenge,Speak Now (Deluxe Edition),10/25/2010,0.0139,0.516,0.917,6.37E-06,0.36,-3.186,0.0827,145.821,0.635,61,217160
Innocent,Speak Now (Deluxe Edition),10/25/2010,0.186,0.552,0.608,0,0.125,-5.29,0.0259,134.05,0.17,45,302253
Haunted,Speak Now (Deluxe Edition),10/25/2010,0.0826,0.436,0.95,1.08E-06,0.149,-2.627,0.057,162.088,0.352,54,242080
Last Kiss,Speak Now (Deluxe Edition),10/25/2010,0.57,0.371,0.341,3.09E-05,0.101,-9.475,0.0319,89.038,0.196,50,367133
Long Live,Speak Now (Deluxe Edition),10/25/2010,0.036,0.418,0.68,7.59E-05,0.114,-4.3,0.0347,204.12,0.142,50,317453
Ours,Speak Now (Deluxe Edition),10/25/2010,0.537,0.608,0.569,0,0.097,-7.227,0.0284,159.845,0.238,53,237920
If This Was A Movie,Speak Now (Deluxe Edition),10/25/2010,0.166,0.511,0.719,4.54E-06,0.34,-3.457,0.0265,147.852,0.289,50,234546
Superman,Speak Now (Deluxe Edition),10/25/2010,0.0268,0.582,0.765,1.95E-06,0.103,-3.648,0.0324,131.982,0.559,46,275960
Back To December - Acoustic,Speak Now (Deluxe Edition),10/25/2010,0.748,0.541,0.453,0,0.2,-6.459,0.0266,141.757,0.377,50,292560
Haunted - Acoustic Version,Speak Now (Deluxe Edition),10/25/2010,0.842,0.563,0.443,0,0.293,-5.078,0.0247,80.962,0.313,49,217613
Mine - POP Mix,Speak Now (Deluxe Edition),10/25/2010,0.00727,0.695,0.723,1.20E-06,0.1,-3.806,0.0285,121.011,0.679,45,230333
Mine,Speak Now,10/25/2010,0.00265,0.624,0.757,1.87E-06,0.189,-2.94,0.0296,121.07,0.658,62,230706
Sparks Fly,Speak Now,10/25/2010,0.0396,0.605,0.787,1.42E-06,0.163,-3.002,0.0308,114.987,0.374,61,260933
Back To December,Speak Now,10/25/2010,0.117,0.529,0.67,0,0.334,-4.663,0.0303,141.893,0.286,65,293026
Speak Now,Speak Now,10/25/2010,0.095,0.709,0.599,0,0.0973,-3.734,0.0304,118.975,0.735,57,240760
Dear John,Speak Now,10/25/2010,0.166,0.589,0.47,1.45E-06,0.112,-5.32,0.028,119.386,0.102,54,403920
Mean,Speak Now,10/25/2010,0.452,0.568,0.761,0,0.217,-3.987,0.0459,163.974,0.789,62,237733
The Story Of Us,Speak Now,10/25/2010,0.00478,0.543,0.818,0.000368,0.0357,-3.611,0.0398,139.898,0.683,57,265666
Never Grow Up,Speak Now,10/25/2010,0.819,0.714,0.305,0,0.174,-8.837,0.0305,124.91,0.554,52,290466
Enchanted,Speak Now,10/25/2010,0.0739,0.455,0.623,0.000424,0.146,-3.878,0.0288,163.893,0.208,72,352186
Better Than Revenge,Speak Now,10/25/2010,0.0139,0.516,0.917,6.37E-06,0.36,-3.186,0.0827,145.821,0.635,59,217160
Innocent,Speak Now,10/25/2010,0.186,0.552,0.608,0,0.125,-5.29,0.0259,134.05,0.17,47,302253
Haunted,Speak Now,10/25/2010,0.0826,0.436,0.95,1.08E-06,0.149,-2.627,0.057,162.088,0.352,54,242080
Last Kiss,Speak Now,10/25/2010,0.57,0.371,0.341,3.09E-05,0.101,-9.475,0.0319,89.038,0.196,55,367133
Long Live,Speak Now,10/25/2010,0.036,0.418,0.68,7.59E-05,0.108,-4.3,0.0346,204.125,0.142,53,317946
Jump Then Fall,Fearless Platinum Edition,11/11/2008,0.111,0.618,0.687,0,0.0693,-5.737,0.0271,79.991,0.82,45,237066
Untouchable,Fearless Platinum Edition,11/11/2008,0.0583,0.419,0.454,3.78E-06,0.0974,-6.809,0.0335,200.017,0.288,44,311040
Forever & Always - Piano Version,Fearless Platinum Edition,11/11/2008,0.852,0.592,0.16,0,0.116,-10.785,0.0347,118.929,0.294,45,267506
Come In With The Rain,Fearless Platinum Edition,11/11/2008,0.0868,0.527,0.475,4.34E-06,0.248,-6.205,0.0258,143.962,0.224,44,238106
SuperStar,Fearless Platinum Edition,11/11/2008,0.367,0.61,0.531,0,0.351,-6.123,0.0239,85.979,0.228,42,261453
The Other Side Of The Door,Fearless Platinum Edition,11/11/2008,0.169,0.476,0.816,0,0.238,-4.279,0.0347,163.847,0.469,43,237600
Fearless,Fearless Platinum Edition,11/11/2008,0.0364,0.598,0.714,1.04E-06,0.31,-4.397,0.0273,99.979,0.467,46,242000
Fifteen,Fearless Platinum Edition,11/11/2008,0.0728,0.559,0.636,0,0.144,-4.4,0.0263,95.485,0.214,46,294346
Love Story,Fearless Platinum Edition,11/11/2008,0.157,0.618,0.736,0,0.073,-3.937,0.0308,118.982,0.307,52,235280
Hey Stephen,Fearless Platinum Edition,11/11/2008,0.168,0.843,0.553,2.66E-06,0.107,-7.348,0.0317,115.997,0.825,44,254320
White Horse,Fearless Platinum Edition,11/11/2008,0.302,0.585,0.346,0,0.102,-8.014,0.0256,92.564,0.195,45,234440
You Belong With Me,Fearless Platinum Edition,11/11/2008,0.164,0.687,0.771,2.46E-05,0.112,-4.424,0.0384,129.964,0.445,52,231146
Breathe,Fearless Platinum Edition,11/11/2008,0.373,0.498,0.486,0,0.113,-7.384,0.0273,147.952,0.17,45,263986
Tell Me Why,Fearless Platinum Edition,11/11/2008,0.0606,0.601,0.852,3.41E-06,0.37,-3.096,0.0386,100.015,0.513,42,200560
You're Not Sorry,Fearless Platinum Edition,11/11/2008,0.13,0.459,0.459,2.30E-06,0.113,-4.126,0.0275,134.018,0.281,44,261800
The Way I Loved You,Fearless Platinum Edition,11/11/2008,0.0322,0.436,0.712,0,0.111,-3.689,0.0329,160.886,0.379,45,244240
Forever & Always,Fearless Platinum Edition,11/11/2008,0.0907,0.605,0.829,0,0.106,-4.993,0.0549,128.012,0.514,44,225333
The Best Day,Fearless Platinum Edition,11/11/2008,0.611,0.664,0.447,1.00E-06,0.139,-8.535,0.0292,126.079,0.364,43,245346
Change,Fearless Platinum Edition,11/11/2008,0.00471,0.548,0.756,0,0.117,-4.175,0.036,96.038,0.224,42,281053
Fearless,Fearless,11/11/2008,0.04,0.594,0.712,0,0.309,-4.418,0.0273,99.972,0.476,60,241986
Fifteen,Fearless,11/11/2008,0.067,0.556,0.651,0,0.145,-4.396,0.0266,95.485,0.203,58,294333
Love Story,Fearless,11/11/2008,0.17,0.618,0.741,0,0.0822,-3.95,0.031,118.984,0.296,70,235266
Hey Stephen,Fearless,11/11/2008,0.194,0.841,0.544,2.48E-06,0.108,-7.347,0.0309,115.994,0.831,49,254306
White Horse,Fearless,11/11/2008,0.305,0.578,0.34,0,0.104,-8.027,0.0264,92.702,0.223,54,234426
You Belong With Me,Fearless,11/11/2008,0.162,0.687,0.783,1.35E-05,0.114,-4.44,0.0386,129.964,0.443,71,231133
Breathe,Fearless,11/11/2008,0.379,0.505,0.482,0,0.113,-7.372,0.0276,73.975,0.184,46,263973
Tell Me Why,Fearless,11/11/2008,0.0571,0.604,0.855,3.65E-06,0.343,-3.097,0.038,99.96,0.51,45,200546
You're Not Sorry,Fearless,11/11/2008,0.146,0.475,0.452,1.36E-06,0.108,-4.134,0.027,133.959,0.276,47,261786
The Way I Loved You,Fearless,11/11/2008,0.0408,0.433,0.7,0,0.115,-3.709,0.0336,160.927,0.398,54,244226
Forever & Always,Fearless,11/11/2008,0.0752,0.608,0.821,0,0.11,-4.985,0.0576,128.042,0.544,49,225320
The Best Day,Fearless,11/11/2008,0.647,0.666,0.434,1.95E-06,0.124,-8.543,0.0289,126.084,0.396,47,245333
Change,Fearless,11/11/2008,0.00408,0.541,0.77,0,0.117,-4.17,0.0354,96.013,0.215,43,280240
Love Story - Live From Clear Channel Stripped 2008,Live From Clear Channel Stripped 2008,6/28/2008,0.659,0.741,0.444,0,0.131,-7.031,0.0311,119.006,0.512,42,221028
Fearless - Live From Clear Channel Stripped 2008,Live From Clear Channel Stripped 2008,6/28/2008,0.814,0.623,0.266,0,0.145,-5.894,0.026,96.601,0.467,41,198247
Beautiful Eyes - Live From Clear Channel Stripped 2008,Live From Clear Channel Stripped 2008,6/28/2008,0.596,0.627,0.704,0,0.0598,-3.739,0.0269,98.958,0.457,44,176316
Untouchable - Live From Clear Channel Stripped 2008,Live From Clear Channel Stripped 2008,6/28/2008,0.856,0.731,0.184,0,0.0927,-9.235,0.0418,102.404,0.331,38,222959
Teardrops On My Guitar - Live From Clear Channel Stripped 2008,Live From Clear Channel Stripped 2008,6/28/2008,0.664,0.344,0.801,0,0.106,-5.373,0.0574,204.489,0.615,37,196346
Picture To Burn - Live From Clear Channel Stripped 2008,Live From Clear Channel Stripped 2008,6/28/2008,0.266,0.647,0.872,0,0.419,-1.953,0.0524,105.798,0.684,36,173899
Should've Said No - Live From Clear Channel Stripped 2008,Live From Clear Channel Stripped 2008,6/28/2008,0.399,0.429,0.808,0,0.0884,-3.004,0.0677,171.537,0.438,37,228473
Change - Live From Clear Channel Stripped 2008,Live From Clear Channel Stripped 2008,6/28/2008,0.156,0.243,0.712,0,0.111,-4.307,0.0577,202.319,0.273,34,258487
Tim McGraw,Taylor Swift,10/24/2006,0.575,0.58,0.491,0,0.121,-6.462,0.0251,76.009,0.425,67,232106
Picture To Burn,Taylor Swift,10/24/2006,0.173,0.658,0.877,0,0.0962,-2.098,0.0323,105.586,0.821,71,173066
Teardrops On My Guitar - Radio Single Remix,Taylor Swift,10/24/2006,0.288,0.621,0.417,0,0.119,-6.941,0.0231,99.953,0.289,68,203040
A Place in this World,Taylor Swift,10/24/2006,0.051,0.576,0.777,0,0.32,-2.881,0.0324,115.028,0.428,60,199200
Cold As You,Taylor Swift,10/24/2006,0.217,0.418,0.482,0,0.123,-5.769,0.0266,175.558,0.261,60,239013
The Outside,Taylor Swift,10/24/2006,0.00491,0.589,0.805,0,0.24,-4.055,0.0293,112.982,0.591,57,207106
Tied Together with a Smile,Taylor Swift,10/24/2006,0.525,0.479,0.578,0,0.0841,-4.963,0.0294,146.165,0.192,59,248106
Stay Beautiful,Taylor Swift,10/24/2006,0.0868,0.594,0.629,0,0.137,-4.919,0.0246,131.597,0.504,58,236053
Should've Said No,Taylor Swift,10/24/2006,0.0103,0.476,0.777,0,0.196,-3.771,0.0289,167.964,0.472,67,242200
Mary's Song (Oh My My My),Taylor Swift,10/24/2006,0.0177,0.403,0.627,0,0.182,-5.28,0.0292,74.9,0.374,61,213080
Our Song,Taylor Swift,10/24/2006,0.111,0.668,0.672,0,0.329,-4.931,0.0303,89.011,0.539,76,201106
I'm Only Me When I'm With You,Taylor Swift,10/24/2006,0.00452,0.563,0.934,0.000807,0.103,-3.629,0.0646,143.964,0.518,61,213053
Invisible,Taylor Swift,10/24/2006,0.637,0.612,0.394,0,0.147,-5.723,0.0243,96.001,0.233,58,203226
A Perfectly Good Heart,Taylor Swift,10/24/2006,0.00349,0.483,0.751,0,0.128,-5.726,0.0365,156.092,0.268,56,220146
Teardrops on My Guitar - Pop Version,Taylor Swift,10/24/2006,0.0402,0.459,0.753,0,0.0863,-3.827,0.0537,199.997,0.483,57,179066
